Workbook

Sheet Resumo
A1: Diagnóstico do expoente a no Acre — IDFTec (BR-DWGD, 1961–2025)
A3: Conclusão | B3: O expoente a alto do Acre é muito provavelmente um artefato do início da série do BR-DWGD (1961–1980), e não comportamento real da chuva.
A4: Achado 1 | B4: O Acre se divide em dois blocos: Vale do Juruá (a de 0,08 a 0,27; média 0,14) e Vale do Acre (a de 0,30 a 0,53; média 0,42). A média estadual de 0,317 vem do Vale do Acre (ver aba Municipios_AC).
A5: Achado 2 | B5: No Vale do Acre, os extremos concentram-se nos anos 1960: em Rio Branco os 5 maiores máximos anuais são de 1961–1967 (ver aba Series_anuais).
A6: Achado 3 | B6: Só o Acre tem a razão média das máximas 1961–80 / 1981–2025 muito acima de 1 (ver aba Razao_UF).
A7: Achado 4 | B7: Recalibrado com 1981–2025, o a médio do Acre cai para ~0,17 e Rio Branco passa a concordar com a estação do INMET (ver aba Comparacao_estacoes).
A8: Achado 5 | B8: As médias das máximas diárias nas estações são 28–47% maiores que na grade, reforçando que as intensidades da grade são limites inferiores.
A9: Impacto no artigo | B9: Perdem sustentação: destaque do Acre no resumo, Tabela 4 (Ψ), exemplo de 39% / 91,7%, frase "more than double the next-highest state", leitura de MAE/RMSE do Acre. A curva publicada para Rio Branco superestima eventos raros.
A10: Caminho A (recomendado) | B10: Refazer o pipeline nacional com 1981–2025 (45 anos) e incluir a comparação 1961–2025 vs 1981–2025 do Acre como análise de sensibilidade. Todos os números mudam; site corrigido.
A11: Caminho B | B11: Manter 1961–2025, transformar o Acre em achado de qualidade de dados (subseção nova), trocar o exemplo da análise de risco e pôr aviso no site para o Vale do Acre.
A13: Legenda
A14: Azul | B14: valores de entrada (dados do repositório ou de Moreira et al., 2024)
A15: Preto | B15: fórmulas calculadas na planilha
A16: Verde | B16: referências a outra aba
A18: Fontes
B19: Dados: github.com/fcoliveira-utfpr/IDFTec (xavier_chuva_maxima_diaria_anual_municipios_1961_2025.json; idf_municipios_resumo.csv). Recalibração 1981–2025 com calcular_idf_municipios.py (mesmas funções do pipeline).
B20: Estações: Moreira et al. (2024), Rev. Bras. Eng. Agríc. Ambiental 28(6):e275802, Tabela 2 e Fig. 2 (INMET 82704, 82807, 82915; 1970–2021).

Sheet Municipios_AC
A1: Coeficientes IDF dos municípios do Acre: série completa (1961–2025) vs 1981–2025
A3: Código IBGE | B3: Município | C3: Mesorregião | D3: Distribuição 1961–2025 | E3: a 1961–2025 | F3: k 1961–2025 (mm/h) | G3: Ψ100/5 1961–2025 | H3: Distribuição 1981–2025 | I3: a 1981–2025 | J3: k 1981–2025 (mm/h) | K3: Ψ100/5 1981–2025 | L3: Média máx. 1961–80 (mm) | M3: Média máx. 1981–2025 (mm) | N3: Razão 61–80 / 81–25 | O3: CV 1961–2025 | P3: CV 1981–2025
A4: 1200427 | B4: Rodrigues Alves | C4: Vale do Juruá | D4: Normal | E4: 0.0806 | F4: 678.14 | G4: =20^E4 -> 1.2731015 | H4: Weibull | I4: 0.1039 | J4: 594.67 | K4: =20^I4 -> 1.3651394 | L4: 62.8 | M4: 49.23 | N4: =L4/M4 -> 1.2756449 | O4: 0.2217 | P4: 0.2108
A5: 1200336 | B5: Mâncio Lima | C5: Vale do Juruá | D5: Normal | E5: 0.0807 | F5: 699.2 | G5: =20^E5 -> 1.2734829 | H5: Gama | I5: 0.1425 | J5: 594.59 | K5: =20^I5 -> 1.5324869 | L5: 63.13 | M5: 51.47 | N5: =L5/M5 -> 1.2265397 | O5: 0.222 | P5: 0.2352
A6: 1200203 | B6: Cruzeiro do Sul | C6: Vale do Juruá | D6: Weibull | E6: 0.1131 | F6: 650.01 | G6: =20^E6 -> 1.403287 | H6: Gama | I6: 0.131 | J6: 563.4 | K6: =20^I6 -> 1.4805904 | L6: 62.44 | M6: 47.59 | N6: =L6/M6 -> 1.3120403 | O6: 0.267 | P6: 0.2559
A7: 1200393 | B7: Porto Walter | C7: Vale do Juruá | D7: Weibull | E7: 0.1196 | F7: 658.47 | G7: =20^E7 -> 1.4308799 | H7: Weibull | I7: 0.1497 | J7: 577.07 | K7: =20^I7 -> 1.5659006 | L7: 61.81 | M7: 50.56 | N7: =L7/M7 -> 1.2225079 | O7: 0.2575 | P7: 0.2613
A8: 1200609 | B8: Tarauacá | C8: Vale do Juruá | D8: Weibull | E8: 0.1367 | F8: 629.8 | G8: =20^E8 -> 1.5060896 | H8: Weibull | I8: 0.152 | J8: 569.66 | K8: =20^I8 -> 1.5767272 | L8: 60.22 | M8: 48.68 | N8: =L8/M8 -> 1.2370583 | O8: 0.2888 | P8: 0.2995
A9: 1200351 | B9: Marechal Thaumaturgo | C9: Vale do Juruá | D9: Gama | E9: 0.1388 | F9: 657.11 | G9: =20^E9 -> 1.5155943 | H9: Weibull | I9: 0.1202 | J9: 636.84 | K9: =20^I9 -> 1.4334541 | L9: 62.96 | M9: 52.51 | N9: =L9/M9 -> 1.1990097 | O9: 0.2711 | P9: 0.2523
A10: 1200328 | B10: Jordão | C10: Vale do Juruá | D10: GEV | E10: 0.1886 | F10: 604.69 | G10: =20^E10 -> 1.7594392 | H10: GEV | I10: 0.1678 | J10: 587.14 | K10: =20^I10 -> 1.6531522 | L10: 63.31 | M10: 52.56 | N10: =L10/M10 -> 1.2045282 | O10: 0.3194 | P10: 0.2967
A11: 1200302 | B11: Feijó | C11: Vale do Juruá | D11: GEV | E11: 0.2662 | F11: 565.89 | G11: =20^E11 -> 2.219904 | H11: Weibull | I11: 0.212 | J11: 619.44 | K11: =20^I11 -> 1.8872019 | L11: 63.2 | M11: 55.22 | N11: =L11/M11 -> 1.1445129 | O11: 0.4027 | P11: 0.4088
A12: 1200435 | B12: Santa Rosa do Purus | C12: Vale do Acre | D12: Log-Normal | E12: 0.299 | F12: 561.66 | G12: =20^E12 -> 2.4491082 | H12: Gama | I12: 0.2059 | J12: 618 | K12: =20^I12 -> 1.8530284 | L12: 69.49 | M12: 55.56 | N12: =L12/M12 -> 1.2507199 | O12: 0.4327 | P12: 0.3874
A13: 1200385 | B13: Plácido de Castro | C13: Vale do Acre | D13: Log-Normal | E13: 0.3291 | F13: 725.43 | G13: =20^E13 -> 2.6802109 | H13: Weibull | I13: 0.1508 | J13: 681.91 | K13: =20^I13 -> 1.5710692 | L13: 122.27 | M13: 57.53 | N13: =L13/M13 -> 2.1253259 | O13: 0.5362 | P13: 0.2959
A14: 1200344 | B14: Manoel Urbano | C14: Vale do Acre | D14: GEV | E14: 0.3336 | F14: 504.32 | G14: =20^E14 -> 2.7165869 | H14: GEV | I14: 0.2001 | J14: 569.34 | K14: =20^I14 -> 1.8211097 | L14: 71.59 | M14: 53.79 | N14: =L14/M14 -> 1.3309165 | O14: 0.431 | P14: 0.3205
A15: 1200500 | B15: Sena Madureira | C15: Vale do Acre | D15: GEV | E15: 0.3428 | F15: 481.05 | G15: =20^E15 -> 2.7924994 | H15: Gumbel | I15: 0.1231 | J15: 590.78 | K15: =20^I15 -> 1.4459617 | L15: 79.83 | M15: 51.37 | N15: =L15/M15 -> 1.5540199 | O15: 0.486 | P15: 0.233
... A25: 1200054 | B25: Assis Brasil | C25: Vale do Acre | D25: GEV | E25: 0.5334 | F25: 349.33 | G25: =20^E25 -> 4.9427586 | H25: GEV | I25: 0.2715 | J25: 439.23 | K25: =20^I25 -> 2.2554315 | L25: 88.31 | M25: 50.02 | N25: =L25/M25 -> 1.7654938 | O25: 0.5669 | P25: 0.3349
B27: Resumo
B28: Média — Acre | E28: =AVERAGE(E4:E25) -> 0.31744091 | F28: =AVERAGE(F4:F25) -> 545.94727 | G28: =AVERAGE(G4:G25) -> 2.8473722 | I28: =AVERAGE(I4:I25) -> 0.16665909 | J28: =AVERAGE(J4:J25) -> 585.80045 | K28: =AVERAGE(K4:K25) -> 1.6638207 | N28: =AVERAGE(N4:N25) -> 1.5855138 | O28: =AVERAGE(O4:O25) -> 0.43785455 | P28: =AVERAGE(P4:P25) -> 0.28391818
B29: Desvio padrão — Acre | E29: =STDEV(E4:E25) -> 0.15380686 | F29: =STDEV(F4:F25) -> 106.15426 | G29: =STDEV(G4:G25) -> 1.205732 | I29: =STDEV(I4:I25) -> 0.047202024 | J29: =STDEV(J4:J25) -> 58.384973 | K29: =STDEV(K4:K25) -> 0.24704722 | N29: =STDEV(N4:N25) -> 0.35739409 | O29: =STDEV(O4:O25) -> 0.13184315 | P29: =STDEV(P4:P25) -> 0.050318847
B30: Média — Vale do Juruá | E30: =AVERAGEIFS(E4:E25,$C$4:$C$25,"Vale do Juruá") -> 0.1405375 | F30: =AVERAGEIFS(F4:F25,$C$4:$C$25,"Vale do Juruá") -> 642.91375 | G30: =AVERAGEIFS(G4:G25,$C$4:$C$25,"Vale do Juruá") -> 1.5477223 | I30: =AVERAGEIFS(I4:I25,$C$4:$C$25,"Vale do Juruá") -> 0.1473875 | J30: =AVERAGEIFS(J4:J25,$C$4:$C$25,"Vale do Juruá") -> 592.85125 | K30: =AVERAGEIFS(K4:K25,$C$4:$C$25,"Vale do Juruá") -> 1.5618316 | N30: =AVERAGEIFS(N4:N25,$C$4:$C$25,"Vale do Juruá") -> 1.2277302 | O30: =AVERAGEIFS(O4:O25,$C$4:$C$25,"Vale do Juruá") -> 0.281275 | P30: =AVERAGEIFS(P4:P25,$C$4:$C$25,"Vale do Juruá") -> 0.2775625
B31: Média — Vale do Acre | E31: =AVERAGEIFS(E4:E25,$C$4:$C$25,"Vale do Acre") -> 0.41852857 | F31: =AVERAGEIFS(F4:F25,$C$4:$C$25,"Vale do Acre") -> 490.53786 | G31: =AVERAGEIFS(G4:G25,$C$4:$C$25,"Vale do Acre") -> 3.5900293 | I31: =AVERAGEIFS(I4:I25,$C$4:$C$25,"Vale do Acre") -> 0.17767143 | J31: =AVERAGEIFS(J4:J25,$C$4:$C$25,"Vale do Acre") -> 581.77143 | K31: =AVERAGEIFS(K4:K25,$C$4:$C$25,"Vale do Acre") -> 1.7221001 | N31: =AVERAGEIFS(N4:N25,$C$4:$C$25,"Vale do Acre") -> 1.7899616 | O31: =AVERAGEIFS(O4:O25,$C$4:$C$25,"Vale do Acre") -> 0.52732857 | P31: =AVERAGEIFS(P4:P25,$C$4:$C$25,"Vale do Acre") -> 0.28755
B32: Municípios com razão > 1,3 | N32: =COUNTIF(N4:N25,">1.3") -> 14
A34: Notas: Ψ100/5 = 20^a (Eq. de amplificação do artigo; independe de k, b, c e da duração). Recalibração 1981–2025 feita com as funções de calcular_idf_municipios.py, sem nenhuma alteração de método. Mesorregiões geográficas do IBGE. Linha destacada: Rio Branco.

Sheet Series_anuais
A1: Máxima diária anual (mm) — BR-DWGD via GEE, municípios selecionados do Acre
A3: Ano | B3: Rio Branco | C3: Assis Brasil | D3: Cruzeiro do Sul | E3: Tarauacá | G3: Estatística | H3: Rio Branco | I3: Assis Brasil | J3: Cruzeiro do Sul | K3: Tarauacá
A4: 1961 | B4: 154.6 | C4: 135 | D4: 61.2 | E4: 53.8 | G4: Média 1961–1980 | H4: =AVERAGE(B4:B23) -> 92.615 | I4: =AVERAGE(C4:C23) -> 88.3 | J4: =AVERAGE(D4:D23) -> 62.455 | K4: =AVERAGE(E4:E23) -> 60.225
A5: 1962 | B5: 177.9 | C5: 155.2 | D5: 64 | E5: 54.3 | G5: Média 1981–2000 | H5: =AVERAGE(B24:B43) -> 52.83 | I5: =AVERAGE(C24:C43) -> 43.6 | J5: =AVERAGE(D24:D43) -> 49.315 | K5: =AVERAGE(E24:E43) -> 42.355
A6: 1963 | B6: 138.9 | C6: 142.4 | D6: 65.9 | E6: 70.7 | G6: Média 2001–2025 | H6: =AVERAGE(B44:B68) -> 58.724 | I6: =AVERAGE(C44:C68) -> 55.156 | J6: =AVERAGE(D44:D68) -> 46.208 | K6: =AVERAGE(E44:E68) -> 53.736
A7: 1964 | B7: 149.3 | C7: 152.2 | D7: 76.3 | E7: 79.1 | G7: CV 1961–1980 | H7: =STDEV(B4:B23)/AVERAGE(B4:B23) -> 0.5298018 | I7: =STDEV(C4:C23)/AVERAGE(C4:C23) -> 0.55652661 | J7: =STDEV(D4:D23)/AVERAGE(D4:D23) -> 0.19543351 | K7: =STDEV(E4:E23)/AVERAGE(E4:E23) -> 0.22096292
A8: 1965 | B8: 119.3 | C8: 112.4 | D8: 49.9 | E8: 56.7 | G8: CV 1981–2025 | H8: =STDEV(B24:B68)/AVERAGE(B24:B68) -> 0.26420723 | I8: =STDEV(C24:C68)/AVERAGE(C24:C68) -> 0.33491979 | J8: =STDEV(D24:D68)/AVERAGE(D24:D68) -> 0.2559358 | K8: =STDEV(E24:E68)/AVERAGE(E24:E68) -> 0.29957695
A9: 1966 | B9: 147.5 | C9: 154.9 | D9: 90.9 | E9: 94.9 | G9: Máximo 1961–1980 | H9: =MAX(B4:B23) -> 177.9 | I9: =MAX(C4:C23) -> 179.9 | J9: =MAX(D4:D23) -> 90.9 | K9: =MAX(E4:E23) -> 94.9
A10: 1967 | B10: 176.5 | C10: 179.9 | D10: 76.4 | E10: 85.3 | G10: Máximo 1981–2025 | H10: =MAX(B24:B68) -> 99.6 | I10: =MAX(C24:C68) -> 117.2 | J10: =MAX(D24:D68) -> 80 | K10: =MAX(E24:E68) -> 102.6
A11: 1968 | B11: 114.3 | C11: 116.1 | D11: 61.1 | E11: 70.7
A12: 1969 | B12: 86.6 | C12: 83.3 | D12: 55.3 | E12: 56.7 | G12: Anos entre os 5 maiores (1961–1967) | H12: =SUMPRODUCT((B4:B10>=LARGE(B4:B68,5))*1) -> 5 | I12: =SUMPRODUCT((C4:C10>=LARGE(C4:C68,5))*1) -> 5 | J12: =SUMPRODUCT((D4:D10>=LARGE(D4:D68,5))*1) -> 3 | K12: =SUMPRODUCT((E4:E10>=LARGE(E4:E68,5))*1) -> 3
A13: 1970 | B13: 61.4 | C13: 61.2 | D13: 62 | E13: 53.6
A14: 1971 | B14: 53 | C14: 44.6 | D14: 67 | E14: 51.7 | G14: Linhas cinza: 1961–1980. Faixas de média, CV e máximo calculadas por posição na coluna de anos (1961 = linha 4).
A15: 1972 | B15: 57.2 | C15: 56.8 | D15: 66.7 | E15: 58.7
A16: 1973 | B16: 36 | C16: 38.8 | D16: 76.2 | E16: 58.7
A17: 1974 | B17: 45.1 | C17: 40.6 | D17: 66.7 | E17: 59.3
A18: 1975 | B18: 70.8 | C18: 58.1 | D18: 45.1 | E18: 47.5
A19: 1976 | B19: 64.5 | C19: 49.6 | D19: 65.7 | E19: 55.2
A20: 1977 | B20: 52.7 | C20: 51.4 | D20: 47.7 | E20: 52.3
A21: 1978 | B21: 58.4 | C21: 52.7 | D21: 43.6 | E21: 48.1
A22: 1979 | B22: 47.1 | C22: 43.7 | D22: 45.8 | E22: 42.8
A23: 1980 | B23: 41.2 | C23: 37.1 | D23: 61.6 | E23: 54.4
A24: 1981 | B24: 40.7 | C24: 39.4 | D24: 36.2 | E24: 30.5
A25: 1982 | B25: 38.6 | C25: 38.7 | D25: 60.1 | E25: 47.2
A26: 1983 | B26: 51.4 | C26: 53.1 | D26: 47.7 | E26: 32.1
... A68: 2025 | B68: 89.2 | C68: 50.4 | D68: 64.4 | E68: 50.9

Sheet Razao_UF
A1: Comparação 1961–1980 vs 1981–2025 por UF (médias das razões municipais)
A3: UF | B3: Nº municípios | C3: Razão média 61–80 / 81–25 | D3: Municípios com razão > 1,3 | E3: % com razão > 1,3 | F3: CV 1961–2025 | G3: CV 1961–1980 | H3: CV 1981–2025
A4: AC | B4: 22 | C4: 1.586 | D4: 14 | E4: =D4/B4 -> 0.63636364 | F4: 0.438 | G4: 0.4 | H4: 0.284
A5: RO | B5: 52 | C5: 1.101 | D5: 10 | E5: =D5/B5 -> 0.19230769 | F5: 0.273 | G5: 0.214 | H5: 0.268
A6: AM | B6: 62 | C6: 1.047 | D6: 3 | E6: =D6/B6 -> 0.048387097 | F6: 0.251 | G6: 0.211 | H6: 0.251
A7: AP | B7: 16 | C7: 1.025 | D7: 0 | E7: =D7/B7 -> 0 | F7: 0.247 | G7: 0.225 | H7: 0.242
A8: PI | B8: 224 | C8: 1.015 | D8: 0 | E8: =D8/B8 -> 0 | F8: 0.303 | G8: 0.267 | H8: 0.312
A9: RN | B9: 167 | C9: 1.006 | D9: 2 | E9: =D9/B9 -> 0.011976048 | F9: 0.38 | G9: 0.332 | H9: 0.39
A10: PE | B10: 184 | C10: 0.979 | D10: 1 | E10: =D10/B10 -> 0.0054347826 | F10: 0.38 | G10: 0.358 | H10: 0.38
A11: BA | B11: 417 | C11: 0.974 | D11: 2 | E11: =D11/B11 -> 0.0047961631 | F11: 0.346 | G11: 0.319 | H11: 0.35
A12: MS | B12: 79 | C12: 0.974 | D12: 0 | E12: =D12/B12 -> 0 | F12: 0.259 | G12: 0.244 | H12: 0.261
A13: SP | B13: 645 | C13: 0.957 | D13: 2 | E13: =D13/B13 -> 0.0031007752 | F13: 0.295 | G13: 0.297 | H13: 0.285
A14: MT | B14: 142 | C14: 0.955 | D14: 0 | E14: =D14/B14 -> 0 | F14: 0.257 | G14: 0.232 | H14: 0.26
A15: PA | B15: 144 | C15: 0.954 | D15: 0 | E15: =D15/B15 -> 0 | F15: 0.257 | G15: 0.237 | H15: 0.258
... A30: DF | B30: 1 | C30: 0.79 | D30: 0 | E30: =D30/B30 -> 0 | F30: 0.27 | G30: 0.24 | H30: 0.252
A31: Brasil | B31: =SUM(B4:B30) -> 5569 | C31: 0.928 | D31: =SUM(D4:D30) -> 38 | E31: =D31/B31 -> 0.0068234872 | F31: 0.305 | G31: 0.282 | H31: 0.301
A33: Razão = média das máximas diárias anuais de 1961–1980 dividida pela de 1981–2025, calculada por município e depois promediada na UF (linha Brasil: média dos 5.569 municípios). Valores pré-calculados em Python a partir do JSON do repositório.

Sheet Comparacao_estacoes
A1: Grade (IDFTec) vs estações do INMET (Moreira et al., 2024)
A3: Município | B3: Estação INMET | C3: i 60 min, T=5 (mm/h) | D3: i 60 min, T=100 (mm/h) | E3: Ψ100/5 estação | F3: a equivalente estação | G3: a grade 1961–2025 | H3: Ψ100/5 grade 1961–2025 | I3: a grade 1981–2025 | J3: Ψ100/5 grade 1981–2025 | K3: Média máx. estação 1970–2021 (mm) | L3: Média máx. grade 1961–2025 (mm) | M3: Diferença grade vs estação
A4: Rio Branco | B4: 82915 | C4: 63.08 | D4: 88.94 | E4: =D4/C4 -> 1.4099556 | F4: =LN(E4)/LN(20) -> 0.11468255 | G4: =INDEX(Municipios_AC!$E$4:$E$25,MATCH(A4,Municipios_AC!$B$4:$B$25,0)) -> 0.3724 | H4: =20^G4 -> 3.0514311 | I4: =INDEX(Municipios_AC!$I$4:$I$25,MATCH(A4,Municipios_AC!$B$4:$B$25,0)) -> 0.1343 | J4: =20^I4 -> 1.4953 | K4: 93.31 | L4: 67.3 | M4: =L4/K4-1 -> -0.27874826
A5: Cruzeiro do Sul | B5: 82704 | C5: 61.93 | D5: 86.37 | E5: =D5/C5 -> 1.3946391 | F5: =LN(E5)/LN(20) -> 0.11103652 | G5: =INDEX(Municipios_AC!$E$4:$E$25,MATCH(A5,Municipios_AC!$B$4:$B$25,0)) -> 0.1131 | H5: =20^G5 -> 1.403287 | I5: =INDEX(Municipios_AC!$I$4:$I$25,MATCH(A5,Municipios_AC!$B$4:$B$25,0)) -> 0.131 | J5: =20^I5 -> 1.4805904 | K5: 92.05 | L5: 52.2 | M5: =L5/K5-1 -> -0.43291689
A6: Tarauacá | B6: 82807 | C6: 67.55 | D6: 96.71 | E6: =D6/C6 -> 1.4316802 | F6: =LN(E6)/LN(20) -> 0.11978665 | G6: =INDEX(Municipios_AC!$E$4:$E$25,MATCH(A6,Municipios_AC!$B$4:$B$25,0)) -> 0.1367 | H6: =20^G6 -> 1.5060896 | I6: =INDEX(Municipios_AC!$I$4:$I$25,MATCH(A6,Municipios_AC!$B$4:$B$25,0)) -> 0.152 | J6: =20^I6 -> 1.5767272 | K6: 99.27 | L6: 52.2 | M6: =L6/K6-1 -> -0.47416138
A8: Ψ da estação calculado com as intensidades de 60 min da Tabela 2 de Moreira et al. (2024); a razão LN2 praticamente não varia com a duração. "a equivalente" = ln(Ψ)/ln(20), para comparar com o expoente da equação IDF. Períodos diferentes: estação 1970–2021; grade 1961–2025.
